{"cameraMode":{"drawMode":0,"name":"Shaded","section":"Shading Mode"},"sceneLighting":false,"audioPlay":false,"sceneViewState":{"showFog":true,"showMaterialUpdate":true,"showSkybox":false,"showFlares":true,"showImageEffects":true,"showParticleSystems":true},"in2DMode":false,"pivot":{"x":0.0,"y":-0.006195336580276489,"z":-0.0036466121673583986},"rotation":{"x":0.0341668501496315,"y":0.032074395567178729,"z":0.0010966386180371047,"w":-0.9989213347434998},"size":2.6751015186309816,"orthographic":false}