{"cameraMode":{"drawMode":0,"name":"Shaded","section":"Shading Mode"},"sceneLighting":false,"audioPlay":false,"sceneViewState":{"showFog":true,"showMaterialUpdate":true,"showSkybox":false,"showFlares":true,"showImageEffects":true,"showParticleSystems":true},"in2DMode":false,"pivot":{"x":1.399999976158142,"y":2.950000047683716,"z":-1.0},"rotation":{"x":-0.09165485948324204,"y":0.024492310360074045,"z":-0.002255860948935151,"w":-0.9955083131790161},"size":1.9937025308609009,"orthographic":false}